Type,neighborho,lat,lon
אלון מתכת,ג,31.25598868000003,34.80431446800003
אלון מתכת,ט,31.245871867000062,34.77779084200006
אלון מתכת,פלח 5,31.233794274000047,34.76748561000005
אלון מתכת,סיגליות,31.259448595000038,34.74894654700006
אלון מתכת,ו,31.25924844700006,34.785306254000034
אלון מתכת,פלח 5,31.232281040000032,34.769973796000045
אלון מתכת,ב,31.252982814000063,34.79507778200008
אלון מתכת,יא,31.253755976000036,34.769375111000045
טמון שק,אזור תעשיה ביג,31.244473509000045,34.813327291000064
שיא אשקלון,ד,31.26825589300006,34.796209128000044
אלון מתכת,ב,31.252953843000057,34.792722394000066
אלון מתכת,מרכז אזרחי,31.248273484000038,34.79849165100006
אלון מתכת,ה,31.257680453000035,34.775740675000065
אלון מתכת,ג,31.255508098000064,34.80435947500007
אלון מתכת,נווה זאב,31.238996824000026,34.77777726000005
שיא אשקלון,ד,31.27124189600005,34.79625638400006
שיא אשקלון,רמות,31.275862566000058,34.803856162000045
אלון מתכת,נווה זאב,31.240770325000028,34.76905670800005
שיא אשקלון,ו,31.262158218000025,34.77806686900004
שיא אשקלון,ו,31.259635943000035,34.786941126000045
אלון מתכת,ט,31.244213010000067,34.77412035900005
שיא אשקלון,ד,31.26516345300007,34.80139509500003
שיא אשקלון,ד,31.270250429000043,34.79999466800007
שיא אשקלון,ו,31.26827809200006,34.77633416200007
שיא אשקלון,רמות,31.276805729000046,34.80469842200006
אלון מתכת,עיר עתיקה,31.238131184000054,34.78673551300005
אלון מתכת,ט,31.248387256000058,34.77454664900006
אלון מתכת,ד,31.26699541000005,34.79456858300006
שיא אשקלון,יא,31.261491876000036,34.770372321000025
אלון מתכת,רמות,31.276072423000073,34.804579267000065
אלון מתכת,ו,31.266904899000053,34.780687288000024
אלון מתכת,ב,31.255773781000073,34.792260949000024
טמון שק,ד,31.262370159000056,34.79687389000003
שיא אשקלון,רמות,31.279103357000054,34.79751469800004
אלון מתכת,ה,31.249259506000044,34.77680764000007
שיא אשקלון,ו,31.259049548000064,34.78020840600004
טמון שק,,31.280878522000023,34.80039097900004
שיא אשקלון,יא,31.25466980300007,34.76584969600003
אלון מתכת,ג,31.261366963000057,34.803645645000074
אלון מתכת,ג,31.25647004900003,34.80284059000007
אלון מתכת,ו,31.266901250000046,34.78066646900004
שיא אשקלון,ד,31.269775888000026,34.78813263700005
שיא אשקלון,ו,31.264329016000033,34.780508403000056
אלון מתכת,רמות,31.287190269000064,34.80545729000005
אלון מתכת,ד,31.271062460000053,34.79048568600007
אלון מתכת,ה,31.250140032000047,34.775595689000056
אלון מתכת,ט,31.246413584000038,34.775387188000025
אלון מתכת,ד,31.271191591000047,34.78281833800003
אלון מתכת,מרכז אזרחי,31.244582105000063,34.79708132800005
אלון מתכת,ב,31.253358252000055,34.79495054000006
שיא אשקלון,ד,31.259845599000073,34.790918815000055
שיא אשקלון,ד,31.263434921000055,34.790044332000036
אלון מתכת,,31.255500982000058,34.76270192000004
שיא אשקלון,ד,31.271236155000054,34.782802815000025
שיא אשקלון,ד,31.269792000000052,34.785835087000066
אלון מתכת,ט,31.24622558300007,34.77205113400004
אחר,יא,31.26013585700008,34.77236755500007
שיא אשקלון,ד,31.27025947800007,34.797152066000024
שיא אשקלון,ד,31.269906503000072,34.78364826400008
שיא אשקלון,ד,31.25893062800003,34.79308937300004
שיא אשקלון,ו,31.264929347000077,34.78676522500007
אלון מתכת,ב,31.25275135100003,34.795080031000055
אלון מתכת,ו,31.261723466000035,34.78757645300004
שיא אשקלון,ד,31.268516916000067,34.78633682800006
אלון מתכת,א,31.246723557000053,34.78879884000003
שיא אשקלון,ד,31.25987922300004,34.78826333000006
טמון שק,רמות,31.281507198000043,34.80426839300003
שיא אשקלון,ד,31.27276960900008,34.78712791100003
אלון מתכת,עיר עתיקה,31.24295860700005,34.78619104300003
שיא אשקלון,ד,31.269333930000073,34.79968370700004
אלון מתכת,ד,31.258966875000056,34.79026197300004
אלון מתכת,ג,31.252074718000074,34.802956264000045
אלון מתכת,ה,31.25359637500003,34.77798335500006
אלון מתכת,ט,31.24848789200007,34.77427585400005
אלון מתכת,עיר עתיקה,31.244405442000073,34.78799979000007
שיא אשקלון,ו,31.259707640000045,34.775615825000045
אלון מתכת,פלח 5,31.232388032000074,34.76932393100003
אלון מתכת,ב,31.25833222400007,34.79332201600005
אלון מתכת,ה,31.25157938600006,34.77646708200007
שיא אשקלון,ו,31.267647302000057,34.775917442000036
אלון מתכת,עיר עתיקה,31.24266688700004,34.790155266000056
שיא אשקלון,ו,31.25992296900006,34.78054845100007
אלון מתכת,ה,31.247431005000067,34.77947986800007
אלון מתכת,פלח 5,31.233098167000037,34.76638322000008
אלון מתכת,ו,31.260892780000063,34.78731206000003
אלון מתכת,יא,31.25883813100006,34.76249993300007
אלון מתכת,ה,31.25490530600007,34.77891065600005
אלון מתכת,א,31.24881842600007,34.795239750000064
אלון מתכת,ג,31.25503186900005,34.807649447000074
שיא אשקלון,ו,31.26302953900006,34.77548950000005
אלון מתכת,עיר עתיקה,31.238222071000052,34.78975205000006
אלון מתכת,ט,31.246100311000077,34.77618786900007
אלון מתכת,ה,31.255448192000074,34.776647248000074
טמון שק,רמות,31.28347291600005,34.80002429500007
אלון מתכת,ו,31.259757920000027,34.777379601000064
אלון מתכת,יא,31.25823628200004,34.77458782400004
אלון מתכת,א,31.24681408600003,34.796120372000075
אלון מתכת,פלח 5,31.232812634000027,34.77175791600007
שיא אשקלון,יא,31.255675973000052,34.76523957000006
שיא אשקלון,נווה זאב,31.23935161000003,34.76390702000003
שיא אשקלון,ד,31.26835938100004,34.80136868500006
אלון מתכת,נווה זאב,31.238169536000044,34.77710139800007
שיא אשקלון,ו,31.265854151000042,34.78496930000006
שיא אשקלון,רמות,31.27555031000003,34.80511403400004
שיא אשקלון,ד,31.271066876000077,34.790496490000066
שיא אשקלון,ד,31.264372765000076,34.79414607900003
שיא אשקלון,ד,31.269216949000054,34.793129960000044
אלון מתכת,ג,31.26137912300004,34.80364226000006
טמון שק,רמות,31.284861110000065,34.800354782000056
אלון מתכת,יא,31.258487915000046,34.77419750800004
שיא אשקלון,ו,31.26614573200004,34.78584032500004
אלון מתכת,ג,31.256613661000074,34.803427879000026
אלון מתכת,יא,31.256646225000054,34.77234024400008
שיא אשקלון,ו,31.26481955400004,34.784433953000075
אלון מתכת,ג,31.24950754300005,34.80260203900008
אלון מתכת,א,31.247561802000064,34.79465123600005
שיא אשקלון,ד,31.262573651000025,34.79118774800003
אלון מתכת,ה,31.256073425000068,34.77453449600006
שיא אשקלון,ד,31.267433096000047,34.79999554300008
טמון שק,ט,31.245359376000067,34.77319689400008
שיא אשקלון,ד,31.269680140000048,34.790593932000036
אלון מתכת,ד,31.271715210000025,34.78535517600005
שיא אשקלון,ד,31.26214722900005,34.79237832300004
אלון מתכת,א,31.24855062000006,34.79325545200004
שיא אשקלון,רמות,31.277342817000033,34.79844611800007
אלון מתכת,יא,31.261526599000035,34.771196761000056
אלון מתכת,ה,31.249274069000023,34.77949380000007
אלון מתכת,ה,31.250641651000024,34.77485783700007
שיא אשקלון,רמות,31.284089854000058,34.79883257800003
אלון מתכת,ד,31.26726104200003,34.79501270500003
שיא אשקלון,ו,31.264141777000077,34.78421704300007
אלון מתכת,מרכז אזרחי,31.24381143900007,34.79957931900003
אלון מתכת,ג,31.259233073000075,34.80618419500007
אלון מתכת,ב,31.25339318700003,34.791593087000024
שיא אשקלון,ו,31.26509662400008,34.77819260900003
שיא אשקלון,ד,31.270323835000056,34.78956344900007
טמון שק,רמות,31.26763906900004,34.81236952900008
אלון מתכת,א,31.24574173800005,34.789693027000055
שיא אשקלון,רמות,31.27652782100006,34.80542010700003
שיא אשקלון,ו,31.26502627700006,34.78563351100007
אלון מתכת,ד,31.258945064000045,34.79025990900004
אלון מתכת,א,31.24671707300007,34.78605887300006
שיא אשקלון,ד,31.265470636000032,34.79211726900007
שיא אשקלון,ו,31.264495370000077,34.77309749400007
שיא אשקלון,ד,31.258916112000065,34.79232214600006
טמון שק,רמות,31.27833835100006,34.80055486300006
שיא אשקלון,ו,31.261487354000053,34.775651647000075
אלון מתכת,ה,31.25587973100005,34.77776491000003
שיא אשקלון,ב,31.254558306000035,34.79807105400005
אלון מתכת,ג,31.256001112000035,34.80851422000006
אלון מתכת,עיר עתיקה,31.23825205600008,34.78752181100003
אלון מתכת,עיר עתיקה,31.237122101000068,34.79190103900004
שיא אשקלון,ד,31.272023670000067,34.79642189800006
שיא אשקלון,יא,31.257245313000055,34.77263395600005
אלון מתכת,רמות,31.28771779400006,34.80751502100003
אלון מתכת,עיר עתיקה,31.243524914000034,34.78643985300005
שיא אשקלון,אזור תעשיה ביג,31.243523761000063,34.808892728000046
שיא אשקלון,יא,31.25717230500004,34.773953480000046
שיא אשקלון,ב,31.25437587400006,34.79782574700005
אלון מתכת,ד,31.268510897000056,34.78632271200007
אלון מתכת,ב,31.25223810400007,34.79083298300003
שיא אשקלון,ד,31.260866148000048,34.790528911000024
אלון מתכת,מרכז אזרחי,31.248273276000077,34.79851314200005
שיא אשקלון,ד,31.268890274000057,34.79772377200004
אלון מתכת,יא,31.254532882000035,34.76761553500006
אלון מתכת,ג,31.259491681000043,34.80907158000008
אלון מתכת,ב,31.253207924000037,34.79681730800007
אלון מתכת,ד,31.268137927000055,34.79189972000006
שיא אשקלון,ד,31.259343846000036,34.79665564800007
אלון מתכת,נווה זאב פלח 5,31.233955639000044,34.77046965100004
אלון מתכת,ג,31.25020267600007,34.808548495000025
טמון שק,רמות,31.282594647000053,34.804484400000035
אלון מתכת,נווה מנחם,31.269154069000024,34.76346655100008
שיא אשקלון,ד,31.26918918900003,34.785304342000074
שיא אשקלון,רמות,31.26479779300007,34.80798897300008
אלון מתכת,פלח 5,31.23229482200003,34.77002237700003
אלון מתכת,ה,31.256455579000033,34.77708161600003
אלון מתכת,יא,31.26207732000006,34.77043334200005
שיא אשקלון,רמות,31.285841076000054,34.80677703200007
שיא אשקלון,ד,31.27214054600006,34.79740315000004
שיא אשקלון,רמות,31.26948759800007,34.804332731000045
אלון מתכת,רמות,31.283967799000038,34.80405787800004
טמון שק,נווה זאב,31.233978438000065,34.78425948700004
שיא אשקלון,ו,31.260203155000056,34.77948914600006
אלון מתכת,יא,31.25790296400004,34.763056652000046
שיא אשקלון,ד,31.258912231000068,34.79163325300004
אלון מתכת,,31.24381338200004,34.791993812000044
אלון מתכת,ה,31.25535129700006,34.77905397100005
טמון שק,רמות,31.28461042600003,34.80181723900006
אלון מתכת,יא,31.256655025000043,34.772356468000055
אלון מתכת,ד,31.26106363100007,34.792591722000054
אלון מתכת,ג,31.256446964000077,34.80284491000003
שיא אשקלון,ו,31.263917935000052,34.782789972000046
שיא אשקלון,יא,31.258514193000053,34.77421073600004
שיא אשקלון,ד,31.272782480000046,34.78712340900006
שיא אשקלון,ד,31.269555429000036,34.79036468600003
אלון מתכת,יא,31.258847695000043,34.76251572700005
שיא אשקלון,ד,31.267670328000065,34.79887439100003
אלון מתכת,ט,31.24614355400007,34.77414017600006
שיא אשקלון,ד,31.26836002400006,34.80138326800005
אלון מתכת,ג,31.258240312000055,34.80983216200008
שיא אשקלון,רמות,31.283283109000024,34.798068568000076
אלון מתכת,ה,31.257304652000073,34.77567730800007
אלון מתכת,ב,31.253560814000025,34.78823969700005
שיא אשקלון,ו,31.266243202000055,34.77716606800004
אלון מתכת,ד,31.272601198000075,34.79420120000003
אלון מתכת,ט,31.248912934000032,34.76962245200008
שיא אשקלון,ו,31.268291783000052,34.77632507200008
אלון מתכת,ט,31.244706972000074,34.769933027000036
אלון מתכת,ה,31.25414206100004,34.776569367000036
אלון מתכת,רמות,31.288080196000067,34.806031043000075
אלון מתכת,א,31.248218460000032,34.784232221000025
שיא אשקלון,יא,31.26067087000007,34.77086651900004
,ב,31.25273513700006,34.79791692200007
אלון מתכת,ג,31.25087470300008,34.80517046800003
אלון מתכת,ב,31.25833229600005,34.79334467900003
אלון מתכת,יא,31.262455286000034,34.76749442400006
אלון מתכת,ט,31.246236096000075,34.77202827600007
שיא אשקלון,ד,31.266572412000073,34.795669512000075
אלון מתכת,ד,31.260850511000058,34.79054780400003
אלון מתכת,יא,31.25336433500007,34.77033424600006
שיא אשקלון,ו,31.266382244000056,34.77441063200007
אלון מתכת,ה,31.254784578000056,34.77567399900005
אלון מתכת,ט,31.248692309000035,34.77062443300008
אלון מתכת,יא,31.25267747500004,34.76961696700005
אלון מתכת,ד,31.26858485100007,34.78863413500005
שיא אשקלון,רמות,31.286479435000047,34.80615469900005
שיא אשקלון,ו,31.265687154000034,34.77457369900003
אלון מתכת,א,31.24785661100003,34.79084979800007
טמון שק,רמות,31.278514855000026,34.80064306400004
אלון מתכת,א,31.24803198400008,34.79652638600004
שיא אשקלון,ד,31.26256602600006,34.79449360800004
אלון מתכת,יא,31.256548163000048,34.76332198800003
אלון מתכת,עיר עתיקה,31.24174722600003,34.793106255000055
אלון מתכת,ג,31.255803280000066,34.80736920700008
אלון מתכת,ד,31.266978077000033,34.79455872700004
שיא אשקלון,ו,31.26533717700005,34.78454842300005
שיא אשקלון,ד,31.271486338000045,34.79149521000005
שיא אשקלון,רמות,31.279108601000075,34.79753542100008
שיא אשקלון,ד,31.272137515000054,34.797387883000056
אלון מתכת,עיר עתיקה,31.237936868000077,34.79025806100003
שיא אשקלון,ד,31.272219605000032,34.78744192700003
שיא אשקלון,ד,31.27271540600003,34.789326612000025
שיא אשקלון,ו,31.267656616000068,34.783030534000034
אלון מתכת,ד,31.265035014000034,34.79802551000006
שיא אשקלון,ב,31.258705031000034,34.786171326000044
שיא אשקלון,יא,31.25625824100007,34.765462150000076
אלון מתכת,ט,31.243629483000063,34.77516234800004
שיא אשקלון,ד,31.270836571000075,34.798662458000024
שיא אשקלון,ד,31.265145503000042,34.799594581000065
אלון מתכת,ט,31.246226000000036,34.772032800000034
אלון מתכת,ט,31.24487311400003,34.77741842900008
אלון מתכת,ב,31.259009053000057,34.785209430000066
אלון מתכת,יא,31.262477792000027,34.76955188900007
שיא אשקלון,ו,31.262184801000046,34.77366028100005
שיא אשקלון,יא,31.25576789400003,34.76325431500004
אלון מתכת,ה,31.247426064000024,34.779487000000074
אלון מתכת,ג,31.26135802600004,34.80361123700004
אלון מתכת,יא,31.25524762300006,34.770099981000044
אלון מתכת,ה,31.25701226800004,34.77722410900003
אלון מתכת,ט,31.24522618900005,34.77640474700007
אלון מתכת,ט,31.244693177000045,34.76994600000006
שיא אשקלון,ו,31.26362725200005,34.78113855600003
אלון מתכת,נווה מנחם,31.268458278000026,34.764486315000056
אלון מתכת,ד,31.26999962900004,34.79490602200008
שיא אשקלון,רמות,31.274941460000036,34.80929377500007
אלון מתכת,ב,31.255405454000027,34.79101723400004
שיא אשקלון,ד,31.269519494000065,34.78646898400007
טמון שק,רמות,31.278867637000076,34.80014005100003
שיא אשקלון,ו,31.259141364000072,34.77981379600004
שיא אשקלון,ד,31.265808881000055,34.79350167400003
אלון מתכת,רמות,31.279180439000072,34.80148195600003
שיא אשקלון,ד,31.269983422000053,34.78564830100004
טמון שק,נווה זאב,31.234087444000068,34.78420832100005
שיא אשקלון,יא,31.259799344000044,34.76873625600007
אלון מתכת,ב,31.25336306500003,34.79323504700005
אלון מתכת,ג,31.254187786000045,34.80829204400004
אלון מתכת,ג,31.25830300800004,34.808552673000065
שיא אשקלון,רמות,31.277347622000036,34.79847242300008
אלון מתכת,ב,31.258334845000036,34.79381264600005
אלון מתכת,ב,31.25429626600004,34.79067190200004
שיא אשקלון,ד,31.265292351000028,34.80076129100007
אלון מתכת,ה,31.247139658000037,34.78152954800004
שיא אשקלון,ד,31.267999711000073,34.79725548300007
אלון מתכת,ג,31.250564831000077,34.806127813000046
אלון מתכת,ט,31.245259056000066,34.77883613800003
אלון מתכת,ב,31.25833334600003,34.793837766000024
אלון מתכת,ג,31.25598933200007,34.80433746400007
שיא אשקלון,ד,31.269676367000045,34.790599816000054
שיא אשקלון,ב,31.257780381000032,34.78409700000003
אלון מתכת,ג,31.25472117100003,34.80772662900006
אלון מתכת,יא,31.26234134200007,34.765731721000066
אלון מתכת,,31.25676519600006,34.761963958000024
,עיר עתיקה,31.237791671000025,34.791309676000026
שיא אשקלון,ד,31.270545207000055,34.79141281500006
שיא אשקלון,ד,31.26642474600004,34.78857695500005
אלון מתכת,ד,31.25946485000003,34.794917363000025
שיא אשקלון,ו,31.269064988000025,34.777493367000034
אלון מתכת,נווה זאב,31.23771643300006,34.773874601000045
שיא אשקלון,יא,31.26133333100006,34.771609210000065
שיא אשקלון,ו,31.26771042300004,34.775167760000045
אלון מתכת,יא,31.258213153000042,34.76228243800006
אלון מתכת,ד,31.262543664000077,34.79012691200006
שיא אשקלון,ד,31.266954313000042,34.80179648300003
טמון שק,נווה זאב,31.239640010000073,34.769420731000025
אלון מתכת,יא,31.259399047000045,34.764301999000054
אלון מתכת,עיר עתיקה,31.244312138000055,34.78865377900007
אלון מתכת,ט,31.24644389100007,34.775115225000036
אלון מתכת,ג,31.253684091000025,34.81211918400004
שיא אשקלון,ד,31.270232892000024,34.79903625600008
שיא אשקלון,ד,31.265938238000047,34.80251724800007
טמון שק,עיר עתיקה,31.235780113000033,34.78608428000007
אלון מתכת,ט,31.249113974000068,34.77096980300007
אלון מתכת,ב,31.253145006000068,34.79240808900005
שיא אשקלון,רמות,31.282393100000036,34.80605891000005
אלון מתכת,א,31.246366555000066,34.786601930000074
אלון מתכת,יא,31.26161348100004,34.76495069200007
אלון מתכת,א,31.248186212000064,34.78422191400006
שיא אשקלון,יא,31.259900411000046,34.76960323600008
שיא אשקלון,ד,31.271223994000025,34.782805092000046
אלון מתכת,ב,31.254431546000035,34.794398358000024
אלון מתכת,מרכז אזרחי,31.24414457100005,34.79878114400003
אלון מתכת,רמות,31.263238681000075,34.813503540000056
שיא אשקלון,,31.25665880200006,34.77235105600005
אלון מתכת,ב,31.255392396000047,34.79103798500006
שיא אשקלון,ד,31.271273231000066,34.789615748000074
אלון מתכת,ו,31.259938614000077,34.78056886500008
אלון מתכת,יא,31.25687903800008,34.769811118000064
טמון שק,עיר עתיקה,31.237126260000025,34.789524107000034
אלון מתכת,ו,31.260938217000046,34.78747792100006
אלון מתכת,ט,31.245764576000056,34.76967855400005
אלון מתכת,נווה זאב,31.23727461900006,34.77649264000007
טמון שק,אזור תעשיה ביג,31.243487712000046,34.814410070000065
שיא אשקלון,ו,31.261485996000033,34.775633930000026
שיא אשקלון,ד,31.27269989000007,34.789324597000075
שיא אשקלון,ד,31.267187688000035,34.79206401400006
טמון שק,נווה זאב,31.234994105000055,34.78615160900006
אלון מתכת,ה,31.252331094000056,34.78189682500005
שיא אשקלון,יא,31.255672250000032,34.765246518000026
שיא אשקלון,ו,31.267656832000057,34.77295494400005
שיא אשקלון,ו,31.26464210900008,34.78313344900005
אלון מתכת,ו,31.259915695000075,34.78056591200004
אלון מתכת,ג,31.25723277800006,34.80817584700003
שיא אשקלון,יא,31.257490097000073,34.766690072000074
שיא אשקלון,ו,31.266292957000076,34.77648521500004
שיא אשקלון,ד,31.262595290000036,34.791195532000074
אלון מתכת,ד,31.267927058000055,34.78952500500003
שיא אשקלון,ד,31.265483285000073,34.79211776900007
אלון מתכת,פלח 5,31.23337596300007,34.77172095900005
אלון מתכת,יא,31.255509260000053,34.771545821000075
שיא אשקלון,ו,31.26526703600007,34.784115358000065
אלון מתכת,ו,31.26657628600003,34.779843234000055
אלון מתכת,ט,31.245208524000077,34.776402690000054
אלון מתכת,ט,31.243352292000054,34.77579159100003
אלון מתכת,ו,31.266573262000065,34.77986713900003
שיא אשקלון,רמות,31.273499859000026,34.80543987800007
אלון מתכת,נווה זאב,31.23915720900004,34.777303232000065
שיא אשקלון,ד,31.269687581000028,34.79060774900006
אלון מתכת,ג,31.25487011200005,34.81127921600006
שיא אשקלון,ד,31.26915063900003,34.80021642600008
שיא אשקלון,ב,31.258235257000024,34.77923744200007
שיא אשקלון,ו,31.263868435000063,34.77641097600008
טמון שק,נווה זאב,31.234451720000038,34.783876778000035
טמון שק,נווה זאב,31.234185525000044,34.768532840000034
אלון מתכת,ד,31.268860639000025,34.797714023000026
שיא אשקלון,ו,31.264378823000072,34.777467553000065
אלון מתכת,יא,31.255491195000047,34.77156759300004
שיא אשקלון,רמות,31.285258696000028,34.80743065100006
אלון מתכת,רמות,31.28545539000004,34.80706554600005
שיא אשקלון,רמות,31.270678589000056,34.80360991400005
אלון מתכת,יא,31.26182553700005,34.77078160700006
שיא אשקלון,א,31.24768950500004,34.79247822900004
אלון מתכת,ב,31.253541205000033,34.78823783000007
שיא אשקלון,רמות,31.285419981000075,34.80894110100007
אלון מתכת,ג,31.249015128000053,34.80721643100003
אלון מתכת,עיר עתיקה,31.244168528000046,34.78646602600003
שיא אשקלון,ד,31.270842998000035,34.788226533000056
שיא אשקלון,יא,31.25549606900006,34.76359200400003
שיא אשקלון,יא,31.254472785000075,34.76576608400006
שיא אשקלון,ד,31.271881867000047,34.79471723200004
אלון מתכת,יא,31.26316324700008,34.767742217000034
אלון מתכת,ט,31.245257997000067,34.77886458800003
שיא אשקלון,רמות,31.282390552000038,34.80607602300006
אלון מתכת,א,31.248562454000023,34.79323636200007
שיא אשקלון,ו,31.266371966000065,34.775910424000074
אלון מתכת,ט,31.24725858200003,34.77816026700003
שיא אשקלון,ב,31.258005721000075,34.782366455000044
אלון מתכת,ה,31.247327158000076,34.78016379500008
אלון מתכת,יא,31.25801274300005,34.76399892200004
אלון מתכת,,31.245601409000074,34.783925597000064
אלון מתכת,ד,31.26514719900007,34.79297212700004
אלון מתכת,ד,31.26677981100005,34.79766647300005
טמון שק,רמות,31.283684694000044,34.802066092000075
טמון שק,נווה זאב,31.234879815000056,34.785862595000026
אלון מתכת,מרכז אזרחי,31.24492577600006,34.80072001900004
אלון מתכת,ה,31.248332755000035,34.78217028800003
אלון מתכת,יא,31.255436952000025,34.76869833200004
טמון שק,רמות,31.282148077000045,34.803994483000054
שיא אשקלון,רמות,31.274451198000065,34.80969627800005
אלון מתכת,א,31.247844222000026,34.79085635300004
שיא אשקלון,ד,31.26714159100004,34.79712224900004
שיא אשקלון,ד,31.265818169000056,34.79929481800008
שיא אשקלון,ב,31.25435745300007,34.797829859000046
אלון מתכת,ט,31.247290975000055,34.77195863600008
אלון מתכת,ד,31.270316652000076,34.78954877800004
שיא אשקלון,ד,31.269765646000053,34.788138239000034
שיא אשקלון,ד,31.268519570000024,34.78634576300004
שיא אשקלון,ו,31.268850430000043,34.776853569000025
שיא אשקלון,ד,31.269330337000042,34.79969823700003
שיא אשקלון,ד,31.269989191000036,34.78566105500005
שיא אשקלון,ד,31.27060872900006,34.79295276800008
אלון מתכת,ה,31.254364512000052,34.77310384500004
טמון שק,רמות,31.27798943700003,34.800067599000045
שיא אשקלון,ו,31.26616140300007,34.78195707500004
אלון מתכת,ה,31.253932347000045,34.77235077200004
אלון מתכת,יא,31.25338319000008,34.76728444300005
אלון מתכת,ה,31.24924560200003,34.779453286000034
שיא אשקלון,ד,31.271268022000072,34.78962827300006
אלון מתכת,א,31.24704057200006,34.789535887000056
אלון מתכת,ג,31.250579765000055,34.80613400000004
טמון שק,רמות,31.28084558200004,34.800350137000066
שיא אשקלון,ד,31.26837282400004,34.78869546200008
אלון מתכת,ד,31.27116248300007,34.78736295900006
אלון מתכת,עיר עתיקה,31.238211308000075,34.789744460000065
אלון מתכת,א,31.251848576000043,34.78856485000006
אלון מתכת,ג,31.25927389000003,34.80826890000003
אלון מתכת,ג,31.251942170000063,34.80906193100003
אלון מתכת,ט,31.246403618000045,34.77032835600005
אלון מתכת,א,31.24623173200007,34.78822600900003
שיא אשקלון,ד,31.271985562000054,34.78707560300006
שיא אשקלון,ו,31.26245094400008,34.778908665000074
שיא אשקלון,רמות,31.285938687000055,34.80603943600005
אלון מתכת,ט,31.24494788000004,34.77116898000003
אלון מתכת,יא,31.263171819000036,34.76773662200003
אלון מתכת,ג,31.25559005200006,34.80081861000008
שיא אשקלון,ד,31.267432429000053,34.80001110400008
אלון מתכת,ד,31.264144591000047,34.79710564000004
אלון מתכת,ו,31.266178913000033,34.78194978500005
אלון מתכת,ו,31.264621658000067,34.779313426000044
שיא אשקלון,יא,31.260677599000076,34.77088065600003
אלון מתכת,ב,31.253262197000026,34.79743431700007
שיא אשקלון,ד,31.269522401000074,34.786482585000044
אלון מתכת,רמות,31.273218067000073,34.82095952000003
שיא אשקלון,יא,31.256891161000055,34.76985652600007
אלון מתכת,ה,31.249282513000026,34.78266208500003
שיא אשקלון,,31.272610538000038,34.778052649000074
אלון מתכת,ט,31.247515858000042,34.76954075700007
אלון מתכת,עיר עתיקה,31.242091628000026,34.79014537300003
שיא אשקלון,יא,31.258492227000033,34.774237149000044
שיא אשקלון,יא,31.25892180900007,34.767212984000025
אלון מתכת,א,31.24700104200008,34.78528582700005
טמון שק,רמות,31.281523820000075,34.80424192700008
אלון מתכת,,31.269902071000047,34.783646203000046
אלון מתכת,מרכז אזרחי,31.248272248000035,34.79853656200004
אלון מתכת,מרכז אזרחי,31.24384648000006,34.799577621000026
אלון מתכת,רמות,31.28798798400004,34.80714904300004
אלון מתכת,פלח 5,31.23409429800006,34.76866335700004
שיא אשקלון,ד,31.267659111000057,34.798873882000066
שיא אשקלון,ד,31.26850739300005,34.78730407100005
אלון מתכת,ה,31.247220952000077,34.782481612000026
אלון מתכת,ג,31.25801282200007,34.81065739400003
אלון מתכת,,31.25400551900003,34.769990380000024
אלון מתכת,ב,31.257607020000023,34.79698764200003
שיא אשקלון,ד,31.26534762400007,34.80353026600005
שיא אשקלון,ד,31.260143050000067,34.790360227000065
אלון מתכת,ג,31.255397973000072,34.811309143000074
אלון מתכת,,31.250872724000033,34.793669402000035
אלון מתכת,עיר עתיקה,31.237135412000043,34.791885842000056
שיא אשקלון,יא,31.25794848700008,34.77077881800005
אלון מתכת,ב,31.255335457000058,34.793333483000026
אלון מתכת,ג,31.257168656000033,34.809805191000066
שיא אשקלון,ו,31.26018225100006,34.77714891800008
אלון מתכת,א,31.244372442000042,34.793227615000035
אלון מתכת,ה,31.253731280000068,34.78264434000005
אלון מתכת,ה,31.255422381000074,34.77423384000008
שיא אשקלון,ד,31.260785014000078,34.797746837000034
אלון מתכת,ו,31.26619696800003,34.78192525800006
אלון מתכת,ה,31.252691522000077,34.783431380000025
שיא אשקלון,ד,31.270852524000077,34.78822093500003
אלון מתכת,רמות,31.26323181500004,34.813521070000036
אלון מתכת,ב,31.254087798000057,34.788483607000046
שיא אשקלון,ד,31.272034399000063,34.79641879500008
אלון מתכת,עיר עתיקה,31.23900672800005,34.789848971000026
אלון מתכת,ד,31.265051722000067,34.79802682700006
אלון מתכת,ה,31.25433193500004,34.77761820100005
אלון מתכת,נווה זאב,31.23731749800004,34.77638695200005
שיא אשקלון,יא,31.256931304000034,34.769763864000026
שיא אשקלון,ד,31.26886265400003,34.80053269700005
אלון מתכת,רמות,31.26487472900004,34.81176557300006
אלון מתכת,ט,31.248745660000054,34.77613630500008
אלון מתכת,עיר עתיקה,31.244608021000033,34.78622829300008
שיא אשקלון,ו,31.264301807000038,34.78534991200007
אלון מתכת,ה,31.25461358700005,34.781871559000024
שיא אשקלון,ד,31.265306699000064,34.79917904000007
שיא אשקלון,ד,31.26054010200005,34.79397389600007
שיא אשקלון,ד,31.26068745500004,34.79166513300004
שיא אשקלון,רמות,31.284884826000052,34.80030813900004
שיא אשקלון,רמות,31.281597944000055,34.80607471700006
אלון מתכת,א,31.24940709300006,34.78434211800004
אלון מתכת,ב,31.252738434000037,34.79825262700007
אלון מתכת,ה,31.25021014500004,34.77637344000004
אלון מתכת,ה,31.251219737000042,34.77417203500005
אלון מתכת,א,31.249474416000055,34.791309385000034
אלון מתכת,רמות,31.284801247000075,34.799450910000076
אלון מתכת,רמות,31.28371256300005,34.804536007000024
שיא אשקלון,ו,31.265787463000038,34.77958535700003
אלון מתכת,ה,31.25057152000005,34.77685004700004
שיא אשקלון,רמות,31.28160930200005,34.80608224100007
אלון מתכת,יא,31.257519436000052,34.77312633300005
שיא אשקלון,ד,31.259832368000048,34.78962433300006
אלון מתכת,ב,31.25254646600007,34.79630360900006
אלון מתכת,ה,31.25663502200007,34.777791007000076
טמון שק,רמות,31.280890516000056,34.80041107300008
שיא אשקלון,ד,31.263856384000064,34.79138796700005
אלון מתכת,נווה זאב,31.23870197800005,34.77566597400005
אלון מתכת,ג,31.25128846900003,34.80904882800007
שיא אשקלון,ד,31.259825642000067,34.78961047200005
אלון מתכת,ה,31.251965872000028,34.78281269400003
שיא אשקלון,רמות,31.284119790000034,34.799055433000035
אלון מתכת,ד,31.26105229700005,34.792592084000034
שיא אשקלון,ב,31.25374630400006,34.79815477400007
שיא אשקלון,ד,31.269562157000053,34.79037888900007
,ב,31.252740970000048,34.79823833000006
אלון מתכת,ה,31.249458725000068,34.777771191000056
אלון מתכת,א,31.25024142700005,34.79700999900007
אלון מתכת,נווה זאב,31.23900248800004,34.77775645300005
אלון מתכת,,31.26359360600003,34.80238144300006
אלון מתכת,נווה זאב,31.240369394000027,34.77063536700007
שיא אשקלון,רמות,31.28574201300006,34.808709822000026
שיא אשקלון,ד,31.26887882400007,34.79772521000007
אלון מתכת,ג,31.25801182300006,34.81068102800003
שיא אשקלון,ד,31.271974602000057,34.78708093000006
אלון מתכת,ו,31.269073295000055,34.779611560000035
אלון מתכת,נווה זאב,31.237298852000038,34.77637703800008
אלון מתכת,יא,31.252959817000033,34.768923425000025
אלון מתכת,רמות,31.28146974400005,34.80167013600004
אלון מתכת,ה,31.24947032400007,34.777757363000035
שיא אשקלון,יא,31.260915488000023,34.76891057600005
שיא אשקלון,רמות,31.272625627000025,34.806770458000074
אלון מתכת,ט,31.24460896200003,34.77259126900003
אלון מתכת,ה,31.25611069100006,34.77621222100004
אלון מתכת,ה,31.257357058000025,34.77659381400008
אלון מתכת,ט,31.243630119000045,34.775148917000024
אלון מתכת,ה,31.251667265000037,34.773572211000044
שיא אשקלון,ב,31.254350774000045,34.79783099900004
אלון מתכת,עיר עתיקה,31.23927212800004,34.78878722800005
אלון מתכת,,31.244445179000024,34.791443910000055
אלון מתכת,ה,31.25550471500003,34.77524713300005
אלון מתכת,ט,31.24852442400004,34.77144109300008
טמון שק,א,31.250053438000066,34.78799396900007
שיא אשקלון,,31.23672472000004,34.793584096000075
שיא אשקלון,ד,31.268274091000023,34.787953376000075
אלון מתכת,ג,31.255568292000078,34.800821201000076
אלון מתכת,עיר עתיקה,31.236588872000027,34.78906248200008
אלון מתכת,ד,31.27029174100005,34.795100270000034
אלון מתכת,ה,31.248997345000078,34.779842562000056
אלון מתכת,רמות,31.287707096000076,34.80752826500003
אלון מתכת,מרכז אזרחי,31.244146257000068,34.79896639800006
שיא אשקלון,רמות,31.275849462000053,34.80386043100003
אלון מתכת,ה,31.251886779000074,34.77605680600004
שיא אשקלון,יא,31.259791036000024,34.76874949000006
אלון מתכת,ג,31.261371358000076,34.803601180000044
אחר,ד,31.263656488000038,34.795084931000076
שיא אשקלון,ו,31.25993925800003,34.78054969800007
שיא אשקלון,ד,31.266942972000038,34.80179444800007
שיא אשקלון,ב,31.257146615000067,34.77914687600003
טמון שק,ג,31.250922067000033,34.80160882000007
אלון מתכת,יא,31.25891537900003,34.77075178100006
אלון מתכת,עיר עתיקה,31.23824486600006,34.78751212100008
טמון שק,נווה זאב,31.23399451800003,34.78425108400006
שיא אשקלון,ד,31.258912517000056,34.79164825200007
אלון מתכת,ד,31.27152974300003,34.78391479000004
שיא אשקלון,יא,31.25793770200005,34.770764977000056
שיא אשקלון,יא,31.259062940000035,34.76888526000005
אלון מתכת,פלח 5,31.23237073100006,34.76932401100004
אלון מתכת,עיר עתיקה,31.24101490700008,34.78991540900006
אלון מתכת,מרכז אזרחי,31.244612221000068,34.79710038200005
אלון מתכת,ה,31.254349081000043,34.77312612900005
שיא אשקלון,ו,31.266927757000076,34.77765435900005
אלון מתכת,,31.26005062200005,34.79308227800004
אלון מתכת,ג,31.254856914000072,34.81127888100008
שיא אשקלון,ו,31.26623180000007,34.777181676000055
אלון מתכת,רמות,31.287739456000054,34.80585545800005
שיא אשקלון,ו,31.265991145000044,34.783343331000026
אלון מתכת,נווה זאב,31.236328826000033,34.77635289300002
אלון מתכת,א,31.250181229000077,34.79617415200005
אלון מתכת,א,31.246356637000076,34.786600890000045
שיא אשקלון,ד,31.26799593900006,34.79726994500004
טמון שק,נווה זאב,31.234973840000066,34.786157253000056
אלון מתכת,ד,31.267777886000033,34.79281838500003
שיא אשקלון,יא,31.25622694300006,34.76623916200003
אלון מתכת,ג,31.257255675000067,34.80817668700007
אלון מתכת,ה,31.247217120000073,34.780862392000074
שיא אשקלון,ד,31.267131318000054,34.79711840400006
שיא אשקלון,רמות,31.276800630000025,34.80471167700006
אלון מתכת,ה,31.250737086000072,34.77934484300005
אלון מתכת,ה,31.252617607000047,34.77508658800008
שיא אשקלון,ד,31.26580940100007,34.793515006000064
אלון מתכת,ה,31.24973037500007,34.78030227100004
טמון שק,עיר עתיקה,31.236940314000037,34.78848256500004
שיא אשקלון,ד,31.27063985600006,34.78293434400007
אלון מתכת,רמות,31.26471090900003,34.81303175600004
שיא אשקלון,ד,31.26529051700004,34.80074740800006
שיא אשקלון,ו,31.266399989000035,34.77254134100008
אלון מתכת,ו,31.25992763000005,34.78056697000005
שיא אשקלון,ד,31.271052309000027,34.79926396700006
שיא אשקלון,ד,31.267016158000047,34.793319258000054
אלון מתכת,עיר עתיקה,31.241118696000058,34.79121045800008
אלון מתכת,ב,31.256018152000024,34.79525959000006
שיא אשקלון,ו,31.26508209800005,34.77820156400003
אלון מתכת,ד,31.27060616800003,34.792963101000055
אלון מתכת,ה,31.255484428000045,34.776695078000046
אלון מתכת,ג,31.25020349600004,34.80856392900006
אלון מתכת,ד,31.272055704000024,34.79179235700008
אלון מתכת,ט,31.24420178400004,34.770623570000055
שיא אשקלון,יא,31.255582385000025,34.764563664000036
אלון מתכת,ג,31.252057481000065,34.80297647500004
אלון מתכת,ד,31.265804896000077,34.79350743900005
אלון מתכת,א,31.250700877000043,34.785028288000035
אלון מתכת,יא,31.25847298700006,34.774214990000075
שיא אשקלון,יא,31.25889649900006,34.77168075800006
אלון מתכת,ה,31.25569526700008,34.778522321000025
שיא אשקלון,ד,31.266791071000057,34.79764956500003
אלון מתכת,ט,31.247515470000053,34.770866357000045
שיא אשקלון,רמות,31.27495267300003,34.80929265900005
אלון מתכת,ב,31.252382947000058,34.79339133800005
אלון מתכת,נווה מנחם,31.26319824600006,34.76378270200007
שיא אשקלון,ו,31.26859520800008,34.774296279000055
אלון מתכת,א,31.246731880000027,34.79402867400006
אלון מתכת,ד,31.258979155000077,34.79018604500004
שיא אשקלון,ד,31.266349414000047,34.792848321000065
שיא אשקלון,ד,31.272211463000076,34.787433072000056
שיא אשקלון,ו,31.25919834000007,34.78152657000004
אלון מתכת,א,31.247126968000032,34.78434527100006
אלון מתכת,ב,31.254541605000043,34.79778892600007
אלון מתכת,ו,31.266170242000044,34.781925099000034
שיא אשקלון,ו,31.268583152000076,34.774304131000065
שיא אשקלון,רמות,31.269499110000027,34.804325162000055
שיא אשקלון,ד,31.26516459800007,34.80137981000007
אלון מתכת,ט,31.247692175000054,34.76944869500005
שיא אשקלון,יא,31.25815692200007,34.76607252800005
אלון מתכת,ב,31.258327837000024,34.79282062600004
שיא אשקלון,ד,31.26702567800004,34.79331116100008
שיא אשקלון,ד,31.264664198000048,34.80081146900005
שיא אשקלון,ו,31.26637362200006,34.77589174800005
שיא אשקלון,ו,31.261718361000078,34.780064871000036
אלון מתכת,ו,31.26145904200007,34.77658866300004
שיא אשקלון,ד,31.264652503000036,34.80081096300006
אלון מתכת,נווה מנחם,31.26314031800007,34.76274125500004
אלון מתכת,,31.270829787000025,34.798649443000045
שיא אשקלון,,31.272295635000035,34.77724578500005
שיא אשקלון,יא,31.260539470000026,34.76952717800003
שיא אשקלון,ד,31.26013823100004,34.79034552500008
שיא אשקלון,ד,31.26996256600006,34.799137436000024
אלון מתכת,עיר עתיקה,31.240213711000024,34.787454385000046
אלון מתכת,נווה זאב,31.237801502000025,34.77261117200004
שיא אשקלון,ט,31.24427812600004,34.77362591900004
אלון מתכת,מרכז אזרחי,31.24379236200008,34.79957888400003
אלון מתכת,,31.243295094000075,34.79069605700005
אלון מתכת,גן הזאולוגי,31.257791980000036,34.75079151500006
אחר,ד,31.26367188000006,34.79508512900003
אחר,ד,31.263688537000064,34.795086954000055
אלון מתכת,ה,31.25392120400005,34.772367116000055
אלון מתכת,א,31.250852946000066,34.79365779300008
טמון שק,נווה זאב,31.234843306000073,34.78564336000005
אלון מתכת,ו,31.259704965000026,34.777602966000075
שיא אשקלון,רמות,31.283461368000076,34.799994335000065
אלון מתכת,ג,31.250892673000067,34.80517742100005
שיא אשקלון,רמות,31.281339959000036,34.80545385000005
שיא אשקלון,ד,31.26957579900005,34.78661208900007
שיא אשקלון,יא,31.26121446700006,34.76693826700006
אלון מתכת,א,31.249159235000036,34.79420507700007
טמון שק,אזור תעשיה ביג,31.244986957000037,34.81286828400005
אלון מתכת,יא,31.252935285000035,34.76893748100008
אלון מתכת,ה,31.24929372300005,34.782645814000034
אלון מתכת,ג,31.252041029000054,34.804251942000064
אלון מתכת,רמות,31.282050234000053,34.799836527000025
אלון מתכת,יא,31.253746041000056,34.769400879000045
אלון מתכת,ג,31.255495341000028,34.80437692600003
אלון מתכת,ה,31.257638244000077,34.77610154300004
אלון מתכת,ד,31.264144059000046,34.79708841900003
אלון מתכת,רמות,31.281463570000028,34.801679887000034
אלון מתכת,יא,31.25527185900006,34.77005990600003
שיא אשקלון,ד,31.25893271700005,34.79307334600003
שיא אשקלון,ד,31.26275440300003,34.79553564400004
אלון מתכת,עיר עתיקה,31.244467908000047,34.78740437700003
אלון מתכת,א,31.250244854000073,34.79702985800003
אלון מתכת,ד,31.26948587000004,34.79430746000003
טמון שק,נווה זאב,31.23407195300007,34.78421463800004
שיא אשקלון,יא,31.259985177000033,34.76809564900003
אלון מתכת,א,31.24699824000004,34.78530456000004
אלון מתכת,רמות,31.287546914000075,34.80743098600004
שיא אשקלון,יא,31.256255586000066,34.77177146900004
אלון מתכת,רמות,31.279384770000036,34.800989439000034
שיא אשקלון,ו,31.263753825000038,34.78134981300008
אלון מתכת,רמות,31.28549649000007,34.80910125200006
אלון מתכת,ג,31.252046577000044,34.80427112600006
אלון מתכת,נווה זאב,31.238163160000056,34.77712138100003
אלון מתכת,ו,31.260874856000044,34.78730380600007
טמון שק,אזור תעשיה ביג,31.245290280000063,34.81264277500003
שיא אשקלון,רמות,31.28135144600003,34.805441520000045
טמון שק,רמות,31.283487754000078,34.800037846000066
אלון מתכת,נווה זאב,31.23816364000004,34.77694917700006
אלון מתכת,עיר עתיקה,31.238208430000043,34.790671546000056
שיא אשקלון,ד,31.272730912000043,34.789325156000075
שיא אשקלון,ד,31.263898640000036,34.79525556900006
אלון מתכת,נווה זאב,31.23959216700007,34.76725428200007
שיא אשקלון,ו,31.26570167600005,34.77284738700007
שיא אשקלון,ו,31.262006056000075,34.777157775000035
אלון מתכת,א,31.249411794000025,34.78431987700003
שיא אשקלון,ב,31.25369115500007,34.79786532800006
אלון מתכת,א,31.246236443000043,34.788206858000024
שיא אשקלון,יא,31.258033048000073,34.773364085000026
שיא אשקלון,ד,31.271878724000032,34.79470418900007
אלון מתכת,א,31.250533075000078,34.794455378000066
אלון מתכת,ב,31.25350172000003,34.79614394400005
שיא אשקלון,ד,31.26954977400004,34.79037742100007
שיא אשקלון,יא,31.25705191700007,34.76698376500008
אלון מתכת,יא,31.262348022000026,34.76571863500004
אלון מתכת,ה,31.254897019000055,34.77893013700003
אלון מתכת,ד,31.27000925400006,34.79493049000007
שיא אשקלון,ו,31.265656517000025,34.773677375000034
אלון מתכת,א,31.244377490000034,34.793206061000035
שיא אשקלון,עיר עתיקה,31.24263133100004,34.786271604000035
שיא אשקלון,ד,31.26957112300005,34.78662489000004
שיא אשקלון,ד,31.261230623000074,34.79376662800007
שיא אשקלון,יא,31.25841832100008,34.772453624000036
אלון מתכת,נווה זאב,31.238180089000025,34.77695470000003
אלון מתכת,א,31.245738827000025,34.78971546900004
אלון מתכת,ב,31.25462377100007,34.79576405100005
שיא אשקלון,רמות,31.269554983000035,34.81066576500007
אלון מתכת,ד,31.26827344800006,34.78793548700003
אלון מתכת,ג,31.25196734000008,34.80905093000007
אלון מתכת,ג,31.260030906000054,34.80972832000003
אלון מתכת,ד,31.271226179000053,34.78281429500004
אלון מתכת,רמות,31.286509382000077,34.80521256900005
שיא אשקלון,א,31.24697282900007,34.791318785000044
שיא אשקלון,יא,31.256757953000033,34.772062076000054
אלון מתכת,פלח 5,31.23190460400008,34.770492716000035
אלון מתכת,ה,31.24956308900005,34.78342113700006
שיא אשקלון,רמות,31.274277029000075,34.804878735000045
אלון מתכת,ד,31.26108480000005,34.79259070300003
שיא אשקלון,ד,31.265145697000037,34.79958069000003
אלון מתכת,ב,31.258353938000027,34.78832477200007
טמון שק,נווה זאב,31.23490558700007,34.78585906500007
אלון מתכת,ו,31.264550779000047,34.781840172000045
שיא אשקלון,יא,31.25940556100005,34.77201176400007
שיא אשקלון,ד,31.26436084000005,34.794148214000074
שיא אשקלון,ו,31.266064245000052,34.78462146800007
אלון מתכת,ב,31.25312350400003,34.79240884200004
אלון מתכת,ג,31.251308897000058,34.80905046600003
שיא אשקלון,ד,31.260850921000042,34.79053375900003
שיא אשקלון,ב,31.25655316800004,34.78063828100005
שיא אשקלון,ו,31.263737699000046,34.781344329000035
שיא אשקלון,רמות,31.28343180400003,34.806203494000044
אלון מתכת,עיר עתיקה,31.24102715400005,34.78989922100004
אלון מתכת,רמות,31.28650930200007,34.80518686700003
אלון מתכת,ד,31.272929548000036,34.79495978700004
אלון מתכת,ד,31.26814311700008,34.791881459000024
אלון מתכת,נווה זאב,31.23724672900005,34.776965852000046
אלון מתכת,ו,31.26508506700003,34.77940991500003
טמון שק,רמות,31.28841715200008,34.805595061000076
אלון מתכת,ט,31.247693517000073,34.77750898200003
שיא אשקלון,עיר עתיקה,31.24264680500005,34.78626042500008
שיא אשקלון,יא,31.25686925900004,34.76852484800003
אחר,יא,31.260154271000033,34.772343860000035
אלון מתכת,עיר עתיקה,31.24540515700005,34.78656729800008
שיא אשקלון,ד,31.271209683000052,34.78280737700004
אלון מתכת,רמות,31.282059126000036,34.79981842800004
אלון מתכת,ג,31.25600066800007,34.80853631200006
אלון מתכת,ט,31.24924171400005,34.77548153300006
שיא אשקלון,ד,31.26516345300007,34.80139509500003
אלון מתכת,ט,31.244327886000065,34.77973828900008
אלון מתכת,עיר עתיקה,31.244560051000065,34.790223721000075
אלון מתכת,א,31.250690073000044,34.78500819800007
,עיר עתיקה,31.237807608000026,34.79132916800006
אלון מתכת,א,31.248826130000054,34.795223676000035
אלון מתכת,נווה זאב,31.240402259000064,34.777201529000024
שיא אשקלון,ו,31.259182117000023,34.78152803200004
שיא אשקלון,ו,31.264264015000037,34.77476380600007
אלון מתכת,ט,31.246406025000056,34.77030124000004
שיא אשקלון,,31.272607625000035,34.77803766000005
שיא אשקלון,ד,31.270614728000055,34.792963160000056
שיא אשקלון,ו,31.26693858200008,34.77763719700005
שיא אשקלון,יא,31.254459000000054,34.765754593000054
שיא אשקלון,ו,31.26431331200007,34.78558529700007
אלון מתכת,ה,31.25606071800007,34.774522457000046
אלון מתכת,עיר עתיקה,31.245406728000034,34.78654645300003
אלון מתכת,עיר עתיקה,31.244402378000075,34.78802320300008
טמון שק,רמות,31.282575703000077,34.80447592200005
שיא אשקלון,ד,31.269153466000034,34.80020474500003
אלון מתכת,ג,31.254698268000027,34.80864992200003
אלון מתכת,מרכז אזרחי,31.244629066000073,34.79711234700005
אלון מתכת,נווה זאב,31.23868261800004,34.77565671600007
אלון מתכת,יא,31.255899903000056,34.76782259600003
אלון מתכת,ב,31.259001968000064,34.78517563100007
שיא אשקלון,רמות,31.276073008000026,34.804564363000054
אלון מתכת,סיגליות,31.258543067000062,34.75177737200005
אלון מתכת,מרכז אזרחי,31.250244311000074,34.799541189000024
שיא אשקלון,ד,31.26921316800008,34.79314136700003
שיא אשקלון,רמות,31.286093249000032,34.808468696000034
שיא אשקלון,,31.256651137000063,34.772335535000025
אלון מתכת,ב,31.257720109000047,34.78935306500006
אלון מתכת,ו,31.259253193000063,34.785336003000054
שיא אשקלון,ד,31.265830337000068,34.79929421000003
שיא אשקלון,ד,31.270258469000055,34.79713456800005
אלון מתכת,יא,31.258922289000054,34.76329885700005
שיא אשקלון,יא,31.256380668000077,34.76113161500007
אלון מתכת,א,31.245037685000057,34.79152602600004
אלון מתכת,ב,31.258186632000047,34.79495779100006
אלון מתכת,יא,31.263388702000043,34.76669399900004
אלון מתכת,ד,31.26237399300004,34.796893081000064
אלון מתכת,ג,31.259245720000024,34.80826787700005
אלון מתכת,ו,31.26579827100005,34.77955618900006
אלון מתכת,ג,31.258214869000028,34.809832321000044
אלון מתכת,א,31.25070641700006,34.78662760200007
אלון מתכת,ב,31.25555627400007,34.79442058600006
שיא אשקלון,ד,31.26390842400008,34.79525552700005
אלון מתכת,ט,31.244303417000026,34.77973562100004
שיא אשקלון,ד,31.270252764000077,34.79997826600004
אלון מתכת,ד,31.271329902000048,34.79118611400003
אלון מתכת,ב,31.25815040200007,34.79074286200006
שיא אשקלון,א,31.24730524100005,34.79171246800007
שיא אשקלון,ד,31.266790524000044,34.79766554200006
שיא אשקלון,נווה זאב,31.239340146000075,34.76390401800006
שיא אשקלון,יא,31.259516701000052,34.76928740500006
אלון מתכת,פלח 5,31.233090102000062,34.766397684000026
אלון מתכת,ה,31.249257175000025,34.77947065300003
שיא אשקלון,רמות,31.276609863000033,34.80373135000008
אלון מתכת,עיר עתיקה,31.237218253000037,34.790766106000035
שיא אשקלון,ד,31.267200067000033,34.792054793000034
אלון מתכת,ב,31.252551003000065,34.796304073000044
שיא אשקלון,רמות,31.283466350000026,34.79998514400006
אלון מתכת,,31.24382767700007,34.79198680600007
אלון מתכת,א,31.251851891000058,34.78852246300005
שיא אשקלון,ד,31.261405654000043,34.79029220100006
אלון מתכת,א,31.248350908000077,34.79204569900003
שיא אשקלון,רמות,31.284869934000028,34.80031514800004
אלון מתכת,,31.255494095000074,34.76271167400006
שיא אשקלון,ד,31.27326574500006,34.796363589000066
אלון מתכת,ג,31.248996515000044,34.80721623200003
אלון מתכת,ב,31.258334581000042,34.788316433000034
אלון מתכת,ה,31.25118575700003,34.77749350600004
אלון מתכת,ה,31.251980350000053,34.78281957100006
אלון מתכת,מרכז אזרחי,31.25022617700006,34.79954182200004
אלון מתכת,ב,31.258200251000062,34.78897107200004
אלון מתכת,א,31.245027755000024,34.79149812400004
אלון מתכת,ג,31.248146034000058,34.80721562600007
שיא אשקלון,ו,31.269077069000048,34.77406767200006
אלון מתכת,ב,31.25818491700005,34.79498140900006
שיא אשקלון,יא,31.25754388000007,34.76916181300004
אלון מתכת,ד,31.262547463000033,34.79015505800004
שיא אשקלון,ד,31.26587593000005,34.80005659500006
שיא אשקלון,ד,31.261416852000025,34.79028687400006
שיא אשקלון,ב,31.25436651700005,34.79782871000003
אלון מתכת,ו,31.267055878000065,34.78160685800003
טמון שק,רמות,31.284628948000034,34.80182619100003
אלון מתכת,ג,31.249518994000027,34.80261857700003
טמון שק,ט,31.245355492000044,34.77317717900007
שיא אשקלון,רמות,31.282803003000026,34.806542526000044
שיא אשקלון,ו,31.26356922900004,34.77500864000007
אלון מתכת,יא,31.253378742000052,34.76730950500007
שיא אשקלון,ד,31.271087082000065,34.79492131600006
אלון מתכת,ט,31.248543532000042,34.77144656100006
שיא אשקלון,ד,31.26214679000003,34.792390270000055
אלון מתכת,א,31.249393604000034,34.79079855300006
אלון מתכת,ד,31.259486304000063,34.79491001200006
שיא אשקלון,ו,31.267752741000038,34.77515645600005
אלון מתכת,ב,31.254392799000073,34.79286431300005
שיא אשקלון,ו,31.262697202000027,34.77428240900008
אלון מתכת,יא,31.258019869000066,34.764016595000044
שיא אשקלון,ד,31.270530070000063,34.79142473300004
אלון מתכת,ה,31.248134897000057,34.778795159000026
שיא אשקלון,ד,31.272102879000045,34.79855675300007
טמון שק,רמות,31.284847437000053,34.80037012300005
אלון מתכת,יא,31.25550508200007,34.771580390000054
אלון מתכת,ב,31.254393764000042,34.79288410800007
שיא אשקלון,יא,31.256051512000056,34.76169764100007
שיא אשקלון,ד,31.27148056900006,34.791482178000024
אלון מתכת,ד,31.259848090000048,34.790931976000024
אלון מתכת,ג,31.255283190000057,34.808901924000054
שיא אשקלון,רמות,31.276618909000035,34.803731311000035
אלון מתכת,עיר עתיקה,31.238595717000067,34.787029619000066
שיא אשקלון,ד,31.27108202900007,34.79490855700004
אלון מתכת,ט,31.244933239000034,34.77118124500004
שיא אשקלון,רמות,31.286488521000024,34.806160496000075
שיא אשקלון,יא,31.256217167000045,34.766227429000025
טמון שק,נווה זאב,31.23446898900005,34.78386698200006
אלון מתכת,נווה זאב,31.240401145000078,34.77722514200008
אלון מתכת,יא,31.262101775000076,34.77039713600004
אלון מתכת,ד,31.26053575800006,34.793988530000036
אלון מתכת,עיר עתיקה,31.24457651800003,34.78622365200005
אלון מתכת,ד,31.27260680100005,34.79422583100006
שיא אשקלון,יא,31.256523568000034,34.76306790500007
אלון מתכת,ד,31.269505541000058,34.79432082900007
שיא אשקלון,ד,31.267730309000058,34.795476579000024
שיא אשקלון,יא,31.26150987400007,34.77040210200005
אלון מתכת,ג,31.260019730000067,34.80974267900007
אלון מתכת,נווה זאב,31.239147741000068,34.77732618700003
אלון מתכת,ד,31.26978087300006,34.785827823000034
שיא אשקלון,ו,31.26785090000004,34.77334284500006
אלון מתכת,ו,31.26703500700006,34.781609729000024
אלון מתכת,,31.263570724000033,34.80238987400003
שיא אשקלון,ו,31.266518938000047,34.783147245000066
אלון מתכת,נווה זאב,31.23723769600008,34.776985334000074
אלון מתכת,יא,31.261835510000026,34.77076675500007
טמון שק,נווה זאב,31.23964309400003,34.76945057300003
אלון מתכת,רמות,31.284785684000042,34.799434305000034
שיא אשקלון,רמות,31.276061997000056,34.804568388000064
שיא אשקלון,ו,31.26625284800008,34.77233843400006
אלון מתכת,רמות,31.288471276000053,34.80564282600005
שיא אשקלון,ד,31.26995301200003,34.799134700000025
אלון מתכת,ג,31.25600180400005,34.80855870000005
שיא אשקלון,ו,31.268477848000032,34.782046200000025
אלון מתכת,ד,31.272146243000066,34.79292973300005
שיא אשקלון,ד,31.260540624000043,34.79398802900005
אלון מתכת,ב,31.252734427000064,34.797928349000074
אלון מתכת,רמות,31.287975507000056,34.80716576700007
שיא אשקלון,יא,31.258270113000037,34.76650488800004
שיא אשקלון,רמות,31.284722729000066,34.79952349000007
שיא אשקלון,ד,31.269580377000068,34.78662568200008
שיא אשקלון,ד,31.259828956000035,34.79092136300005
שיא אשקלון,ד,31.26442842700004,34.79626675800006
שיא אשקלון,רמות,31.28562377600008,34.807114855000066
אלון מתכת,ג,31.25827530500004,34.808544436000034
טמון שק,ג,31.25754930000005,34.80549601600006
אלון מתכת,ד,31.261208452000062,34.79377315800008
אלון מתכת,ט,31.24485401800007,34.77741677800003
אלון מתכת,ד,31.269172402000038,34.78803322400006
שיא אשקלון,ד,31.26772820800005,34.795491312000024
שיא אשקלון,יא,31.26004860300003,34.76801063200003
אלון מתכת,ב,31.25341299300004,34.79159290400003
אלון מתכת,פלח 5,31.23345036300003,34.76664666800008
אלון מתכת,ב,31.25756182200007,34.79070419000004
שיא אשקלון,ב,31.25867669200005,34.785245874000054
אלון מתכת,ט,31.247671426000068,34.77439625900007
שיא אשקלון,ד,31.270835779000038,34.79864927600005
שיא אשקלון,יא,31.26107372900003,34.769377373000054
שיא אשקלון,רמות,31.283443797000075,34.80620585200006
אלון מתכת,ו,31.262717950000024,34.77427171000005
אלון מתכת,נווה זאב,31.23931738700003,34.77790706600007
שיא אשקלון,ד,31.270836571000075,34.798662458000024
אלון מתכת,ג,31.256331703000058,34.81168829600006
אלון מתכת,עיר עתיקה,31.23899415900007,34.78983652800002
שיא אשקלון,ד,31.273253569000076,34.79636177800006
טמון שק,א,31.25006972700004,34.78805014400007
שיא אשקלון,רמות,31.270668526000065,34.80360639600008
אלון מתכת,,31.271047090000025,34.79926416600006
שיא אשקלון,ד,31.263423230000058,34.790044660000035
שיא אשקלון,ד,31.259886180000024,34.797489461000055
אלון מתכת,ד,31.26257252000005,34.79121584000006
אלון מתכת,ב,31.256592570000066,34.79523350100004
שיא אשקלון,ד,31.26885072300007,34.80053302500005
טמון שק,אזור תעשיה ביג,31.243214969000064,34.81263238200006
שיא אשקלון,ד,31.26978671200004,34.78582344100005
שיא אשקלון,ד,31.26990431200005,34.783634939000024
שיא אשקלון,רמות,31.27735322700005,34.79848829300005
טמון שק,רמות,31.284129521000068,34.80239749500004
שיא אשקלון,ד,31.259304241000052,34.79104901300008
אלון מתכת,א,31.250302007000073,34.79528282000007
שיא אשקלון,ב,31.25367234400005,34.79786721600004
שיא אשקלון,יא,31.256065204000038,34.76168573800004
שיא אשקלון,ו,31.264842131000023,34.77297622200007
אלון מתכת,נווה זאב,31.236325114000067,34.776375683000026
שיא אשקלון,רמות,31.283291984000073,34.798082978000025
אלון מתכת,ד,31.267269449000025,34.79314206500004
אלון מתכת,ב,31.25505604400007,34.792669284000056
אלון מתכת,עיר עתיקה,31.243507909000073,34.78642083200003
אלון מתכת,ט,31.244618251000077,34.772571895000056
אלון מתכת,ג,31.261377137000068,34.803617823000025
אלון מתכת,ט,31.248292824000032,34.770124218000035
שיא אשקלון,,31.245292371000062,34.78555887300007
שיא אשקלון,ו,31.266499427000042,34.77387994400004
שיא אשקלון,ד,31.27107817800004,34.79048602200004
שיא אשקלון,ד,31.26749760100006,34.80143394600003
אלון מתכת,ד,31.272293672000046,34.796371590000035
אלון מתכת,יא,31.258930961000033,34.770772891000036
שיא אשקלון,ד,31.268514995000032,34.78729403600005
אלון מתכת,ה,31.25119552600006,34.777503239000055
אלון מתכת,ג,31.25994470300003,34.81031981600006
שיא אשקלון,ו,31.267914809000047,34.77670660800004
אלון מתכת,א,31.24673633200007,34.786059762000036
אלון מתכת,ב,31.253155440000057,34.787948312000026
אלון מתכת,א,31.246738981000078,34.79401039500004
שיא אשקלון,ב,31.258163162000073,34.77759729700006
שיא אשקלון,רמות,31.269559465000043,34.81064907700005
אלון מתכת,ד,31.258959194000056,34.79018181200007
שיא אשקלון,ד,31.26743319900004,34.80002804800006
שיא אשקלון,רמות,31.28438783000007,34.80088127200003
שיא אשקלון,ו,31.26662884500007,34.779297418000056
אלון מתכת,נווה זאב,31.239316254000073,34.777925124000035
שיא אשקלון,ד,31.26861026000006,34.788621910000074
אלון מתכת,ה,31.247231235000072,34.78084073700006
אלון מתכת,ט,31.245257997000067,34.77886458800003
שיא אשקלון,ד,31.269681776000027,34.790612295000074
אלון מתכת,עיר עתיקה,31.23902109000005,34.78986279500003
אלון מתכת,ד,31.264142337000067,34.79707203600003
שיא אשקלון,רמות,31.272612304000063,34.80678217900004
אלון מתכת,ד,31.268269426000074,34.78795282100003
אלון מתכת,עיר עתיקה,31.245821957000032,34.78301897700004
שיא אשקלון,רמות,31.277343761000054,34.798458631000074
אלון מתכת,נווה זאב,31.237814442000058,34.77262711000003
טמון שק,,31.282147655000074,34.80399452000006
אלון מתכת,פלח 5 נווה זאב,31.23270197000005,34.77135153100005
אלון מתכת,פלח 5,31.232182925000075,34.76921684200005
שיא אשקלון,ו,31.26104916500003,34.77490457700003
שיא אשקלון,ו,31.261684978000062,34.78007279800005
אלון מתכת,ב,31.252265142000056,34.79512699000003
אלון מתכת,א,31.25049929800008,34.79444250500006
אלון מתכת,ט,31.24815056400007,34.77690322700005
אלון מתכת,יא,31.25706077600006,34.76699513800003
אלון מתכת,ד,31.268348263000064,34.80136857700006
אלון מתכת,ט,31.24733684800003,34.774345407000055
אלון מתכת,רמות,31.274228527000048,34.82131383500007
שיא אשקלון,ב,31.253676945000052,34.79788819200007
אלון מתכת,ד,31.270650499000055,34.782927149000045
אלון מתכת,עיר עתיקה,31.24540539800006,34.78658865700004
טמון שק,רמות,31.27853508000004,34.80062491800004
אלון מתכת,רמות,31.285909584000024,34.80880012800003
אלון מתכת,ה,31.251787621000062,34.785653429000035
אלון מתכת,ג,31.255412798000066,34.81131318700005
שיא אשקלון,יא,31.25639625100007,34.76111979900003
שיא אשקלון,ד,31.270523110000056,34.79141239900002
אלון מתכת,ו,31.260954913000035,34.78748997300005
שיא אשקלון,ו,31.260667881000074,34.77441889200003
שיא אשקלון,ב,31.253693643000076,34.79788603700007
אלון מתכת,יא,31.26098071800004,34.768504191000034
שיא אשקלון,ו,31.263022798000065,34.77547147300004
אלון מתכת,יא,31.255402787000037,34.768123494000065
אלון מתכת,ג,31.249531586000046,34.80263577100004
שיא אשקלון,ד,31.260075474000075,34.79308347800003
אלון מתכת,א,31.24697777600005,34.78816842200007
אלון מתכת,א,31.249154547000046,34.79423225000005
אלון מתכת,עיר עתיקה,31.244554011000048,34.790246799000045
אלון מתכת,ב,31.252379750000046,34.794821253000066
אלון מתכת,פלח 5,31.233908987000063,34.77094803500006
שיא אשקלון,ב,31.25761191400005,34.77839769000008
אלון מתכת,ד,31.270602746000066,34.79666122300006
שיא אשקלון,ו,31.26431708700005,34.780509290000055
שיא אשקלון,רמות,31.284944551000024,34.80934112400007
שיא אשקלון,רמות,31.284077952000075,34.79884165900006
שיא אשקלון,ו,31.259670327000038,34.786433733000024
שיא אשקלון,ד,31.266560345000073,34.79566470100008
שיא אשקלון,ב,31.258360392000043,34.77765958300006
אלון מתכת,יא,31.25892034800006,34.76327681200007
שיא אשקלון,ו,31.264707859000055,34.77589036000006
אלון מתכת,ה,31.252897070000074,34.771938790000036
שיא אשקלון,ו,31.268692350000038,34.77288030900007
אלון מתכת,מרכז אזרחי,31.244597974000044,34.79709141600006
אלון מתכת,ט,31.246476982000047,34.77626264700007
שיא אשקלון,ו,31.260310696000033,34.781095728000025
שיא אשקלון,יא,31.259524415000044,34.76927339100007
אלון מתכת,ב,31.254272167000067,34.790672451000034
אלון מתכת,ב,31.258329092000054,34.79284006600005
שיא אשקלון,ד,31.266360749000057,34.79284827200007
שיא אשקלון,ד,31.258916062000026,34.79230659000007
אלון מתכת,ג,31.25921206000004,34.80617983800005
אלון מתכת,ב,31.254521324000052,34.79778970800004
אלון מתכת,,31.267448502000036,34.792799056000035
שיא אשקלון,,31.272289621000027,34.77723122500004
אלון מתכת,ה,31.25385972600003,34.78046990000007
אלון מתכת,ד,31.26513192500005,34.792971916000056
שיא אשקלון,ו,31.26691411200005,34.77181686500006
שיא אשקלון,ד,31.271052833000056,34.799278773000026
אלון מתכת,ב,31.257605286000057,34.79696737100005
אלון מתכת,,31.243302208000046,34.79068213900007
שיא אשקלון,ד,31.267496449000078,34.80144714800008
אלון מתכת,נווה זאב,31.238789246000067,34.76694996700007
שיא אשקלון,ו,31.265427961000057,34.78529349400003
אלון מתכת,א,31.24628991800006,34.79347126000005
אלון מתכת,ה,31.255409636000024,34.77424767500003
שיא אשקלון,ד,31.27209191600008,34.79856106600005
שיא אשקלון,רמות,31.274460281000074,34.80968717700006
אלון מתכת,א,31.248673095000072,34.785112017000074
אלון מתכת,ג,31.255805571000053,34.80735133600007
אלון מתכת,פלח 5,31.23359661300003,34.768449814000064
שיא אשקלון,ד,31.265949688000035,34.80251553200003
אלון מתכת,ב,31.25443001900004,34.795117563000076
שיא אשקלון,ד,31.26120835200004,34.79376831800005
שיא אשקלון,ו,31.26615176400003,34.78192821300007
אלון מתכת,ו,31.261717090000047,34.78759703800006
אלון מתכת,עיר עתיקה,31.237223665000045,34.790779275000034
אלון מתכת,ה,31.252341627000078,34.78374513400007
אלון מתכת,ה,31.256338176000042,34.77592687200007
אלון מתכת,ג,31.25204902100006,34.80428964200007
אלון מתכת,ג,31.261349519000078,34.803637941000034
שיא אשקלון,יא,31.258042402000058,34.773351508000076
טמון שק,רמות,31.28412230200007,34.802378076000025
שיא אשקלון,רמות,31.277343063000046,34.79844538200007
אלון מתכת,,31.25401867900007,34.77000073700003
אלון מתכת,עיר עתיקה,31.239602852000075,34.786788063000074
אלון מתכת,ה,31.250718040000038,34.77935798400006
אלון מתכת,יא,31.26244999800008,34.767507755000054
שיא אשקלון,ד,31.259299033000048,34.79106209100007
שיא אשקלון,יא,31.25716357300007,34.77396818700004
טמון שק,ב,31.252823353000053,34.79680976100008
שיא אשקלון,רמות,31.28280492500005,34.80652487100008
אלון מתכת,ד,31.269158665000077,34.788004167000054
אלון מתכת,רמות,31.28019325100007,34.80147302900008
אלון מתכת,עיר עתיקה,31.24581545800004,34.78303844800007
אלון מתכת,יא,31.25881973500003,34.77041064900004
שיא אשקלון,ד,31.27125310100007,34.79625300200007
אלון מתכת,ו,31.261135754000065,34.787182115000064
אלון מתכת,ט,31.247029550000036,34.77840925700008
שיא אשקלון,רמות,31.273491556000067,34.80545449400006
שיא אשקלון,רמות,31.284118560000024,34.79904362900004
אלון מתכת,א,31.24712014800008,34.784375881000074
אלון מתכת,פלח 5,31.23402504300003,34.76990260100007
אלון מתכת,ה,31.25165828400003,34.77356055700005
אלון מתכת,ט,31.245888817000036,34.77779398300004
שיא אשקלון,רמות,31.272100301000023,34.80691203500004
אלון מתכת,ד,31.259079728000074,34.79464524600007
שיא אשקלון,ו,31.26828531900003,34.77308135100003
אלון מתכת,עיר עתיקה,31.241755338000075,34.79310566400005
אלון מתכת,ט,31.24959026700003,34.76968094800003
אלון מתכת,רמות,31.286334598000053,34.80851843900007
אלון מתכת,א,31.248194488000024,34.789275685000064
אלון מתכת,א,31.25031729400007,34.79528719700005
שיא אשקלון,ד,31.265294529000073,34.79917909200003
שיא אשקלון,נווה זאב,31.239340146000075,34.76390401800006
אלון מתכת,ו,31.265082584000027,34.77938075600008
אלון מתכת,א,31.249173664000068,34.79424077800007
אלון מתכת,ה,31.25351723700004,34.78106902700006
אלון מתכת,ב,31.254099687000064,34.788470361000066
אלון מתכת,א,31.24710809800007,34.78433993900006
שיא אשקלון,ד,31.262565384000027,34.79447972000003
טמון שק,רמות,31.283667515000047,34.801041577000035
אלון מתכת,ט,31.245769516000053,34.76955854500005
שיא אשקלון,ד,31.262767765000035,34.79553530900006
אלון מתכת,ט,31.24957353700006,34.76967324800006
שיא אשקלון,ד,31.26893441800007,34.78543903700006
אלון מתכת,יא,31.25523125500007,34.77008372300003
אלון מתכת,,31.270636185000058,34.78292804700004
אלון מתכת,א,31.249411794000025,34.78431987700003
שיא אשקלון,רמות,31.284378851000042,34.80087158400005
אלון מתכת,יא,31.256651899000076,34.76424919100003
שיא אשקלון,ד,31.267447308000044,34.796332833000065
אלון מתכת,ב,31.252381023000055,34.793358709000074
אלון מתכת,ט,31.24608239400004,34.77618423600006
שיא אשקלון,רמות,31.276537348000033,34.805429020000076
אלון מתכת,ד,31.26949287900004,34.78882252300008
אלון מתכת,ו,31.264548173000037,34.78182500200006
אלון מתכת,ב,31.252440243000024,34.789204604000076
אלון מתכת,ה,31.252908301000048,34.77195500100004
שיא אשקלון,ג,31.26034022400006,34.80862878800008
אלון מתכת,א,31.246796309000047,34.79614121700007
שיא אשקלון,ו,31.266111391000038,34.77416095500007
שיא אשקלון,ט,31.244262607000053,34.77362344900007
שיא אשקלון,רמות,31.27708455900006,34.81834119900003
אלון מתכת,ה,31.247655202000033,34.782645253000055
אלון מתכת,יא,31.25820839900007,34.76226834000005
אלון מתכת,ד,31.26918084700003,34.785307713000066
שיא אשקלון,ד,31.265864717000056,34.80005719800005
שיא אשקלון,ו,31.267866065000078,34.77532749100004
אלון מתכת,א,31.248244750000026,34.78424470900006
שיא אשקלון,ד,31.265337506000037,34.80353794800004
שיא אשקלון,ו,31.262616189000028,34.77705175400007
אלון מתכת,ב,31.254431631000045,34.794425036000064
שיא אשקלון,ד,31.270258582000054,34.79717040700007
אלון מתכת,ג,31.25142900900005,34.80912537900008
אלון מתכת,נווה זאב,31.23407372400004,34.76819220700003
שיא אשקלון,ו,31.259442102000037,34.77579713400007
אלון מתכת,רמות,31.286566271000027,34.80519802500004
שיא אשקלון,ו,31.261479784000073,34.77658788100007
שיא אשקלון,ו,31.26661630600006,34.77929400200003
שיא אשקלון,ד,31.259892109000077,34.78826355100006
אלון מתכת,א,31.249398778000057,34.79077309300004
שיא אשקלון,ד,31.268244890000062,34.796201119000045
אלון מתכת,ט,31.24471953400007,34.774815799000066
אלון מתכת,ט,31.247061650000035,34.77211730100004
אלון מתכת,ט,31.246504405000053,34.77066332900006
אלון מתכת,ד,31.269501801000047,34.788851099000055
אלון מתכת,ה,31.25166382200007,34.78578660200003
אלון מתכת,א,31.247044085000027,34.78951521400006
שיא אשקלון,רמות,31.275136082000074,34.804709219000074
אלון מתכת,ט,31.243735824000055,34.77254536700008
שיא אשקלון,ב,31.25576809900008,34.78164413800005
אלון מתכת,רמות,31.26472053300006,34.81306183000004
שיא אשקלון,ג,31.260340426000027,34.80861656500008
אלון מתכת,ד,31.271209482000074,34.78281631400006
שיא אשקלון,יא,31.259028321000073,34.76805070200004
אלון מתכת,ט,31.24829274900003,34.770101999000076
שיא אשקלון,רמות,31.275556299000073,34.80510089200004
אלון מתכת,ה,31.250198355000066,34.77638727100003
שיא אשקלון,יא,31.25925440900005,34.76732629300005
אלון מתכת,מרכז אזרחי,31.24382696200007,34.79957822000006
שיא אשקלון,ו,31.264368326000067,34.77747608100003
טמון שק,רמות,31.26299629600004,34.811019257000055
טמון שק,ב,31.252843690000077,34.79682634000005
אלון מתכת,עיר עתיקה,31.239583655000047,34.78676838500007
אלון מתכת,ט,31.246546487000046,34.779880443000025
שיא אשקלון,ד,31.27033335400006,34.78955535000006
אלון מתכת,ד,31.259830949000047,34.79093537800003
שיא אשקלון,ו,31.260190649000037,34.78650408200008
שיא אשקלון,יא,31.260531419000074,34.76954551500006
אלון מתכת,ב,31.258149314000036,34.79077339200006
שיא אשקלון,ד,31.26069322400008,34.791678164000075
שיא אשקלון,ד,31.270220718000076,34.79903519700008
אלון מתכת,ד,31.26727248700007,34.79312493500004
אלון מתכת,פלח 5,31.23224605000007,34.76844424900003
שיא אשקלון,ד,31.264436776000025,34.796265611000024
אלון מתכת,ט,31.246681781000063,34.776423875000035
אלון מתכת,ד,31.26970247400004,34.796366791000025
אלון מתכת,ג,31.257196273000034,34.809806051000066
אלון מתכת,יא,31.25690125500006,34.76977632100005
אלון מתכת,ה,31.25271725700003,34.772026029000074
טמון שק,נווה זאב,31.235104946000035,34.78648091000008
שיא אשקלון,ו,31.265477219000047,34.78609885700007
טמון שק,רמות,31.283665561000078,34.802052280000055
שיא אשקלון,יא,31.257532957000024,34.76905278500004
אלון מתכת,א,31.24696620900005,34.78815200500003
שיא אשקלון,ד,31.266433733000042,34.78858872300003
אלון מתכת,ב,31.252380823000067,34.79478375000008
אלון מתכת,יא,31.257849701000055,34.762414714000045
שיא אשקלון,ד,31.263856342000054,34.79137491100005
שיא אשקלון,ד,31.27065035100003,34.78293290800008
אלון מתכת,רמות,31.249409142000047,34.78089768700005
טמון שק,ט,31.245362422000028,34.77322008700003
שיא אשקלון,רמות,31.274308183000073,34.80288458100006
אלון מתכת,רמות,31.266302851000034,34.822188211000025
אלון מתכת,נווה זאב,31.23821707700006,34.77985610500008
שיא אשקלון,רמות,31.285952053000074,34.80604021200003
אלון מתכת,ו,31.259723826000027,34.77760415200004
אלון מתכת,ט,31.24927197900007,34.77091001400004
שיא אשקלון,ב,31.25795278800007,34.782827144000066
אלון מתכת,נווה זאב,31.237282660000062,34.77647097600004
שיא אשקלון,יא,31.25674007400005,34.77208149100005
שיא אשקלון,ד,31.267458650000037,34.796335147000036
אלון מתכת,ה,31.250224407000076,34.77635671000007
שיא אשקלון,ו,31.259274873000038,34.776098595000065
שיא אשקלון,רמות,31.275150144000065,34.80472232500006
שיא אשקלון,נווה זאב,31.239340146000075,34.76390401800006
טמון שק,רמות,31.28367641600005,34.801026257000046
שיא אשקלון,רמות,31.27428431100003,34.80486994800003
אלון מתכת,ב,31.25766799400003,34.79520111800008
אלון מתכת,עיר עתיקה,31.244332074000056,34.787245710000036
שיא אשקלון,ו,31.265551195000057,34.78534913100003
שיא אשקלון,א,31.246956614000055,34.79132230000005
שיא אשקלון,ד,31.268615543000067,34.788631889000044
